longitude,latitude
-7714399.405372412,-257574.69237189868
-7704429.478034087,-422888.1704175371
-7617591.825808281,36145.19649943494
-7585429.76455341,5315.5957613659975
-7587037.5154412305,2125.3709594312254
-7601510.457478864,29766.59536293103
-7585539.083508934,14772.977035208722
-7660605.40954413,-368216.131065046
-7670495.2532698475,-420446.9364415324
-7601510.457478864,-25514.6072987882
-7590189.722217026,-6378.663643577754
-7588645.941733012,136069.67429200604
-7585365.408204481,129607.8504891054
-7606013.472178174,-34444.663860274
-7602057.534687887,-73991.27753984048
-7590286.208497277,159454.29966676072
-7622223.1672603255,-65699.38265923185
-7585963.623142038,71299.61055062554
-7446165.423576755,95110.41853598035
-7759104.39360106,-46775.711291917505
-7743023.990134447,-176459.6543197532
-7721179.496285644,-86824.39300822318
-7759040.712656096,-46691.51459630601
-7657450.308179927,-75764.455692911
-7757496.932172082,-76542.61164774996
-7734919.14259337,-84961.94815837243
-7638471.456854575,-86824.39300822318
-7697752.627440726,36638.89917103559
-7676766.8614861565,-347904.71551562333
-7741383.723370183,-21177.137078958924
-7642301.962180536,-123497.98157471986
-7693015.151080408,-422917.8465324879
-7694858.039033199,-197256.0242534378
-7524321.722736988,167957.1514153866
-7524321.722736988,146699.69537604862
-7511456.917532295,-85046.14098752025
-7586233.78472674,15946.648767424138
-7609550.659212171,4252.017476652449
-7380882.034468756,149748.08677254137
-7601594.400542682,41001.84569307457
-7529145.747290692,136069.67429200604
-7580604.775136901,106307.00088194264
-7625632.027541588,14882.689843730632
-7513064.378961275,-89299.13998458903
-7679931.6114783855,-468735.4665929126
-7524670.134694973,148010.63429900084
-7578321.909746167,114556.24861486023
-7627076.427156945,-278720.12903344387
-7539737.046273833,103726.45251280494
-7596229.763360732,30056.18436828889
-7543615.794739919,110559.45608327477
-7538794.375315781,104180.56871810573
-7524536.211737986,146983.10754788131
-7590253.40316199,21261.335104165682
-7480311.146267305,-92705.08983447631
-7587037.804900069,14883.5828549507
-7589475.723743171,81109.47683679055
-7495295.465590269,-89197.08875795074
-7591861.829453775,10630.678494181953
-7651072.565055341,-84324.1233395109
-7455089.632609721,61795.78456125709
-7527537.32099891,138195.95672603676
-7513064.378961275,-87172.64407684628
-7609486.978267207,4209.918298270232
-7621962.654303647,15768.04657238995
-7499289.997592656,-27823.668855597174
-7585432.948600656,14883.5828549507
-7383448.56952343,175537.17708649338
-7567737.364802642,114773.09723305331
-7522716.866437574,144573.45952649933
-7480745.334528435,25552.879058117425
-7509980.677444456,-110346.81504282574
-7605502.094892845,77537.6295062484
-7625600.187069106,10588.579352095927
-7522713.006986365,148824.64366435018
-7617591.825808281,-55280.820264455244
-7522523.893877072,143970.15227655685
-7590257.262613202,-21266.438014694104
-7628716.693921208,-90179.33110899928
-7655838.987299737,-327259.3126258461
-7600012.025546567,-5281.533702006587
-7545304.30464431,-441957.53440280934
-7593306.229069131,-565377.7159087745
-7553267.606812256,123315.1944111321
-7553235.476880934,123230.11480554016
-7628234.262519954,-506173.4385801177
-7577388.887416141,106307.00088194264
-7585452.245856707,64882.94531355674
-7619926.7937903525,-218080.55085017683
-7543377.76308654,174298.65816466053
-7459006.975587907,102093.67193786406
-7588240.699355959,148051.70469846312
-7703811.965840481,50671.71523915221
-7539601.9654814815,169759.6764063259
-7577550.019504159,113854.67888450593
-7574172.999695377,140283.9626507092
-7538289.75207007,211985.1165230746
-7477580.584536206,218080.55085017587
-7586899.540060471,189668.00191710837
-7488435.291064432,186415.9309402439
-7440221.096823058,262388.89320422726
-7633782.223634382,-36319.969815077944
-7542010.2630365435,191338.6594966227
-7416578.774114341,142448.10461433438
-7420701.922328303,157464.61155874745
-7712437.839294913,-454640.5514796484
-7486795.0243001655,-188469.2035041742
-7714667.733717792,-450799.23937798105
-7603118.883770646,102055.40358335816
-7688348.1097046705,-405904.5617687284
-7466561.8513315525,31357.420735618605
-7547716.461650583,-380218.1953665905
-7693172.423717216,44650.38076234033
-7584680.3556147,113178.61981460436
-7495806.8428756,305726.76098892285
-7715685.567488159,2125.3709594312254
-7464477.747678133,-81683.52199250745
-7512904.211736059,324145.327641061
-7516495.624059557,331827.5241850335
-7614374.973224715,129692.03596816085
-7432878.490895965,-57165.02348351661
-7509150.895434299,-131317.06752651022
-7616704.1520299725,100856.32710127017
-7488483.5342045585,-136891.10687667946
-7535471.2913376605,198281.8581507371
-7688026.810391435,-405480.3800491721
-7487335.34746957,-136069.6742920056
-7469649.412299582,42519.943711223685
-7542010.2630365435,-286968.10385333945
-7423010.839014704,-93550.83392335703
-7415935.5000839075,-325207.3746703245
-7458389.463394302,-272094.7273115566
-7492159.661482116,-23387.972164864153
-7421402.412722923,-159454.29966675915
-7527473.640053944,-388919.7052624854
-7541946.582091577,-180625.8807359496
-7421724.676898963,-311187.26229688915
-7574172.999695377,-384588.12699869205
-7506632.603519749,-110558.5631696796
-7506632.603519749,-184962.0522537553
-7484118.494886007,-133944.65617239272
-7405322.00925631,31893.223666864098
-7451672.088563235,64033.84963841834
-7431051.040748012,-63785.85639142514
-7588645.941733012,-535340.9002485096
-7509848.491240513,-180710.05407114667
-7506632.603519749,-93550.83392335703
-7488942.80889855,-136069.6742920056
-7485727.239582514,-6378.663643577754
-7530754.173582474,-195547.14288440885
-7482511.033457026,-112684.96853957504
-7485695.080705305,6378.6636435794035
-7429443.579319034,-53154.23048778685
-7527537.32099891,-388919.7052624854
-7477686.719444481,-308212.30409856304
-7543457.557240307,-267278.20238396263
-7518693.388551111,-323755.7090498908
-7414970.637281398,-322658.34863204375
-7567708.418918568,-494998.10032530123
-7567472.027531953,-498576.11486835807
-7504894.210208469,-397466.4085415924
-7542010.2630365435,-329455.2407228577
-7543297.390015092,-73991.27753984048
-7480086.526206881,-134792.24126129757
-7543586.848855845,-329413.18317267956
-7545227.115620109,-337951.92030668183
-7461605.351115065,-89299.13998458903
-7449223.266770467,-317738.62045110646
-7506632.603519749,-142363.0289489122
-7577388.887416141,148824.64366435018
-7578997.313707923,144573.45952649933
-7548041.330956187,219429.4327961062
-7596654.302993838,102055.40358335816
-7582213.201428685,127566.98529541332
-7606334.771491409,121189.21987095715
-7611127.24503147,82920.9065447807
-7614374.973224715,95677.30723987173
-7585429.735607525,131818.77242536301
-7542010.2630365435,-565025.3676779623
-7415935.5000839075,-323932.8664531906
-7469646.2282523345,-116937.36858174611
-7451230.181399686,-106800.65845243313
-7511775.322257124,-576011.1546705873
-7449512.725611219,-288497.8284958984
-7517888.6929738205,-121189.21987095376
-7485752.9724734565,-512473.37716365786
-7542010.2630365435,-569264.9090267177
-7546674.409823873,-580040.3576067678
-7418212.576297828,-322556.3867925898
-7527213.127097266,-593955.543304334
-7472862.405431936,-125440.64857575698
-7545923.74656352,-588660.3374017758
-7704429.478034087,-78711.23851474709
-7660045.789118677,-1275.7328799996862
-7632064.767845916,142363.02894891525
-7683520.901103719,-140322.22777491776
-7661010.651921186,-3827.198488712998
-7659080.926316165,-1275.7328799996862
-7788083.083011614,-199883.0900256379
-7622416.139820826,138195.95672603676
-7657793.79933762,-74416.07528580232
-7647801.680154837,-314909.0757611528
-7654767.989588952,61196.210757557776
-7660634.355428207,-2793.85495479302
-7604662.664254662,129607.8504891054
-7681948.174735629,-114811.3646260575
-7415935.5000839075,-321383.82124467415
-7414970.637281398,-321383.82124467415
-7472862.405431936,17009.331632768117
-7415935.5000839075,-322658.34863204375
-7477416.557859779,23001.426994441143
-7508176.384003765,-114811.3646260575
-7501808.289507205,-199755.56313903874
-7422689.539701471,-311187.26229688915
-7493703.4419661295,-133944.65617239272
-7409982.296592427,-179682.117504457
-7476078.293152699,-148824.64366434872
-7395486.197847532,83309.98059259761
-7429443.579319034,-63785.85639142514
-7418186.525002161,-46775.711291917505
-7459996.92482328,-91424.3528997911
-7512556.861127156,-224889.91974884717
-7660045.789118677,-2551.465722175193
-7726910.781332546,-2168.745875746878
-7716837.613674355,2053.9299206371934
-7683523.795692127,-21261.335104166632
-7689956.535996454,-161579.171823833
-7628847.915262351,140322.22777491732
-7712469.679767395,-74416.07528580232
-7725334.195513247,-85046.14098752025
-7657794.445795696,-76542.61164774996
-7612767.511795737,93550.83392335894
-7683491.955219643,-36103.09781455312
-7587118.235863287,184962.05225375763
-7693140.5832447335,-148740.46227128644
-7680307.907971363,-306088.76018767525
-7567713.82215026,180746.27410517327
-7487335.34746957,-354900.6070575764
-7550051.429632654,-577744.699615564
-7480262.90312718,-132133.4075310682
-7694780.850008998,-184962.0522537553
-7686739.683412888,-312461.8648534808
-7546834.577049089,-567145.7976998199
-7544530.262758251,-567993.7912758028
-7540161.585906937,-588060.0931842343
-7485726.921177789,-131818.35150014362
-7469645.55284837,-176459.27170844548
-7492159.661482116,-138195.9567260347
-7514672.805253057,-323082.76413073245
-7517888.6929738205,-191338.659496624
-7393915.208232487,137905.9054278342
-7426163.045790502,-174249.04588491694
-7541367.664410071,-567527.393826661
-7442874.4695299575,62229.5185501974
-7680307.907971363,-308212.30409856304
-7514673.1236577835,-208342.23507513155
-7423010.839014704,-172208.4312303549
-7578997.313707923,127566.98529541332
-7583821.627720467,119063.27361737777
-7496983.975494661,-499282.53938989725
-7493767.122911095,-488675.51273360976
-7517888.6929738205,-187086.7532493714
-7506632.603519749,-195589.22740172708
-7517888.6929738205,-206215.99990147876
-7508240.064948731,-244470.2388806084
-7506632.603519749,-201965.5956713387
-7431051.040748012,-59532.710288250666
-7612767.511795737,138195.95672603676
-7411670.806496817,86352.4040743717
-7574172.999695377,-573505.5347606217
-7426226.726735469,-265720.2655676953
-7603118.883770646,135985.49011255306
-7431051.040748012,-57407.40548690933
-7548470.019499342,-584032.5068017535
-7615983.399516499,136069.67429200604
-7424619.265306489,-212592.1160704618
-7485726.921177789,-133944.65617239272
-7429443.579319034,-57407.40548690933
-7509848.491240513,-116936.47567995304
-7437483.781052342,-129692.03596816177
-7540402.801607565,-565025.3676779623
-7505024.177227969,-138195.9567260347
-7509848.491240513,-119062.85267988766
-7548470.019499342,-583715.8372770819
-7569348.685682833,112685.3512151792
-7678699.481679583,-25514.6072987882
-7612767.511795737,133944.65617239423
-7401944.9894475285,153038.79042929047
-7773577.335638695,-191338.659496624
-7590189.722217026,-550099.6421653948
-7590253.40316199,-556544.4558808722
-7662618.113350164,-74416.07528580232
-7656186.33790864,-212507.9523528559
-7501808.289507205,-31893.22366686426
-7509848.491240513,-53154.23048778685
-7654256.612303621,-210467.61143366876
-7680307.907971363,-36145.57921474422
-7670659.279946275,85051.24358287062
-7487040.099452004,-82778.03339434827
-7667442.427362709,-342199.4566007997
-7612767.511795737,97802.49705240902
-7624023.601249807,125440.64857575533
-7630456.341554132,10630.678494181953
-7704429.478034087,78667.86604287813
-7588645.941733012,-556544.4558808722
-7627400.621058588,-652929.2692823403
-7479294.180873462,-82920.90654478248
-7550158.529403731,-281443.1467973732
-7506632.603519749,-82920.90654478248
-7402856.205878218,136212.27714982483
-7506632.603519749,-44650.380762340006
-7571861.767338248,180129.51265500163
-7501808.289507205,-74373.9782227766
-7501245.446439991,-514450.2468101715
-7416364.323707853,13466.06761189542
-7598294.569758101,-4252.017476655496
-7635870.186739012,-581383.3869510965
-7609872.923388209,-67612.90454463933
-7511456.917532295,-80794.38962188967
-7598294.569758101,10588.579352095927
-7693044.096964483,-458205.81908848387
-7605502.094892845,-30158.242156613902
-7635280.655566677,-581983.6741560367
-7513000.698016309,-67995.6083846004
-7601478.617006381,-53070.03428058128
-7514255.01965957,-68505.87988882336
-7701148.944505557,-456805.19089909724
-7609550.659212171,-68037.7057959348
-7418830.088491434,156903.4154167459
-7582181.360956202,-57407.40548690933
-7469909.925256258,41040.11709310041
-7638497.218691403,-571385.6270151305
-7570956.147111814,-57407.40548690933
-7477686.719444481,74373.97822277658
-7566132.508503229,-53155.12347782221
-7423384.240919277,195661.9188258596
-7628847.915262351,-174333.22095646936
-7561311.378537933,-439869.0404872527
-7587015.323596772,-10307.9183961814
-7660605.40954413,-584532.3083243872
-7638432.862342475,-562820.9360599911
-7556564.253549589,-416129.09964929573
-7574491.404420205,19212.515737392092
-7484469.70494612,-6595.53815111676
-7644929.283591767,-518373.3457175414
-7648145.17131253,-505646.517897657
-7636889.081858462,-569180.9595281372
-7481893.52126342,96672.29505763548
-7561600.837378684,-439588.87399724487
-7618421.60781844,-555302.8506520143
-7630456.341554132,-174333.22095646936
-7562806.915881823,-280135.18512823945
-7486048.895894987,62297.51271210505
-7444611.222574473,143115.5716633628
-7628099.181727603,-508578.91332507535
-7437242.854810554,143936.09663795572
-7641578.315078654,-543852.8874476674
-7685132.221983909,-490797.5084278498
-7485542.342923667,195079.49420224555
-7485062.51665198,194704.04839246726
-7625600.187069106,-255096.15232389088
-7615951.5590440165,-250761.18863719044
-7633434.873025479,-174899.48903393745
-7615983.399516499,-250845.33875503368
-7629247.368462591,-308880.20823302644
-7636889.081858462,-116936.47567995304
-7547610.326742305,108356.88850631901
-7416900.362886418,155627.96629536714
-7416900.362886418,154352.51256016103
-7421724.676898963,156903.4154167459
-7414005.77447889,150526.12404968424
-7421724.676898963,155627.96629536714
-7417865.225688925,151801.59139950463
-7633672.904678859,-571385.6270151305
-7442294.972930771,128229.50222773274
-7422689.539701471,155627.96629536714
-7421724.676898963,158178.85988648082
-7422689.539701471,159454.29966676072
-7525929.85956993,-318834.7379224384
-7509848.491240513,-80794.38962188967
-7520352.952571428,-56807.82884075879
-7638432.862342475,-543738.3811732954
-7514255.01965957,-65571.81437630625
-7627240.453833371,-505646.517897657
-7488165.12947973,-46321.55934730685
-7423654.402503979,159454.29966676072
-7416927.186072326,149760.84149534104
-7635345.301374446,-573251.1534096663
-7508002.708699312,-7156.860379232419
-7638496.543287439,-507768.18524981395
-7611962.816218444,-646892.8985636437
-7636889.081858462,-573505.5347606217
-7446990.670731741,127311.87646228513
-7509816.6507680295,-80752.2929383752
-7638496.543287439,-543822.3524539354
-7538231.860301918,171039.28067253556
-7551659.537519712,123315.15614444566
-7570956.147111814,110558.5631696822
-7634959.356253442,-34444.663860274
-7534640.44797842,162784.57809471057
-7534023.997133897,156478.30873954823
-7574172.999695377,106264.90602847829
-7564524.371670288,127566.98529541332
-7445523.982785647,-42523.77084685381
-7516281.231544841,-59448.514631852326
-7786442.816247351,-204091.44381282857
-7535578.487595019,-184962.0522537553
-7633608.54832993,-124505.66940016784
-7681916.044804306,104181.46164284532
-7485058.271255651,30260.299939216773
-7653291.749501113,-127566.98529541293
-7538794.375315781,-293341.8749630556
-7654575.01702845,-72290.42576371826
-7509848.809645238,-55281.241244588615
-7599902.031187083,21261.335104165682
-7595077.717174538,-548064.0827897303
-7550051.429632654,-180710.90855791693
-7590253.40316199,8504.033552966106
-7590253.40316199,-548064.0827897303
-7521105.545557386,-191338.659496624
-7678699.481679583,-306088.76018767525
-7627240.453833371,-463213.5666964634
-7627240.453833371,-38271.816397216986
-7513064.378961275,-78667.8660428796
-7598294.569758101,-8504.033552969011
-7693761.954889549,-467280.2159356575
-7736591.249830119,-19135.972020523695
-7591862.118912617,-8504.926565398971
-7633608.54832993,6378.6636435794035
-7648145.17131253,17009.331632768117
-7620775.873056561,140322.22777491732
-7599838.3502421165,21177.13707896033
-7714078.106059177,2125.3709594312254
-7542014.1224877555,110559.45608327477
-7517888.6929738205,-57407.40548690933
-7606302.931018925,-44650.380762340006
-7550051.429632654,163705.68873314594
-7633994.493450935,-568417.7788975224
-7591540.53014054,-552135.1597832921
-7701212.625450524,-548064.0827897303
-7783162.2827188205,-199755.56313903874
-7683524.085150966,112685.3512151792
-7514672.805253057,-57407.40548690933
-7681851.688455379,112642.8742216244
-7578997.313707923,-393123.7567029972
-7686739.683412888,-42523.77084685381
-7596686.14346632,-31893.22366686426
-7595077.717174538,-4252.017476655496
-7693172.423717216,-461091.06129029155
-7541946.582091577,-182793.97432565616
-7511456.917532295,-191338.659496624
-7574172.999695377,-382549.69152616843
-7678699.481679583,-312461.8648534808
-7625632.027541588,-509889.8107631407
-7638432.862342475,116852.28778887779
-7574172.999695377,-390958.0489998867
-7625632.317000429,-10631.061213653187
-7551658.891061633,129692.03596816085
-7617591.825808281,-522616.1303245128
-7619199.287237261,-524736.1855921365
-7638432.862342475,-622206.6721273338
-7681919.228851554,114811.36462606043
-7633608.54832993,-278426.91793689586
-7519497.119265602,-63785.85639142514
-7632439.993341182,-97307.27496260781
-7695938.68537201,-464572.10292434675
-7701110.349993458,-550532.1931583794
-7554875.743645199,-180625.8807359496
-7553003.909808332,-176633.99749088258
-7654546.071144375,-329413.18317267956
-7633672.229274896,-579864.8466722048
-7574172.999695377,102055.40358335816
-7574172.999695377,10630.678494181953
-7511456.917532295,-78667.8660428796
-7481140.928277463,-67255.71413122685
-7683523.795692127,121189.21987095715
-7471926.488513502,-17821.971236037887
-7511456.917532295,-63785.85639142514
-7707613.525282367,-444071.4618637261
-7603118.883770646,-48860.215408620345
-7786442.816247351,-201923.5121262818
-7595988.547660106,-631498.8391645431
-7587005.6749687465,-4209.918298268243
-7598294.569758101,-38271.816397216986
-7552463.586638926,113747.52996292191
-7472862.405431936,-189212.71416714948
-7501620.6719352575,-514662.359800682
-7477686.719444481,-123230.1148055395
-7472862.405431936,-80794.38962188967
-7509816.6507680295,-206131.8341355851
-7541019.242803458,-568170.4561922882
-7538741.095591828,-564107.1065333497
-7587037.5154412305,-537460.693678438
-7582213.201428685,-446236.28973013593
-7545038.967373618,-582160.4529180555
-7461605.351115065,-308212.30409856304
-7520783.281381346,-201044.85722890656
-7542814.958613836,-572444.7600345522
-7408506.056504589,-184962.0522537553
-7395217.965988435,137735.4970027392
-7414970.637281398,-195589.22740172708
-7411753.7846978335,-36145.19649943146
-7516281.231544841,-140322.22777491776
-7435607.981629354,-128275.6258173955
-7461605.351115065,-180710.05407114667
-7589422.656289032,-541913.8969358609
-7541019.242803458,-569265.7612409453
-7408537.896977072,-184962.0522537553
-7471222.138667672,-14798.491642131976
-7590253.40316199,-543822.3524539354
-7548067.671710695,-588624.729802419
-7503415.750936186,-34018.57362389382
-7611239.169116562,-635736.5494869124
-7508240.064948731,-53154.23048778685
-7587037.804900069,15946.648767424138
-7621799.592490024,-62899.25443720981
-7535578.487595019,114811.36462606043
-7439092.207344121,-148824.64366434872
-7492159.661482116,-25514.6072987882
-7511456.917532295,-36103.09781455312
-7634744.191848483,-180745.76396388016
-7617591.825808281,-59448.514631852326
-7587573.873024517,-569937.07474603015
-7511456.917532295,-48902.313677693455
-7500200.181620148,-514132.08289322164
-7493767.122911095,-95677.30723987347
-7556187.95705661,76784.98792064187
-7538260.806185994,-565555.7975577754
-7603118.883770646,-46691.51459630601
-7588645.941733012,-565492.1970065762
-7630617.473642153,-86237.59590226384
-7542010.2630365435,102055.40358335816
-7603118.883770646,-46776.604287145696
-7590253.40316199,-554425.0669973585
-7509816.6507680295,-65826.95092267598
-7598321.373646756,-643786.5784811882
-7635280.655566677,-507768.18524981395
-7508176.384003765,-46691.51459630601
-7621316.196225966,-119237.60548482505
-7603118.883770646,-53154.23048778685
-7618771.100422763,-586471.0041750611
-7614591.102492479,-515438.6742033231
-7630456.341554132,-505646.517897657
-7617591.825808281,-520452.7642873937
-7624024.276653768,-509889.8107631407
-7531448.87480028,-214369.74937213885
-7576874.615542403,-490288.33497769234
-7611105.053187013,-646892.8985636437
-7630520.987361901,-85982.46655680078
-7593470.255745556,-543822.3524539354
-7510116.723099611,-53899.23905122476
-7626275.591030862,-38271.816397216986
-7532587.412907241,-383568.91290161374
-7501808.289507205,-59532.710288250666
-7588645.941733012,4252.017476652449
-7587102.161248999,-546155.7080879649
-7541946.582091577,-291174.8169438751
-7704429.478034087,-492918.19077565987
-7639841.5620341385,-225055.6885545887
-7585429.76455341,19135.972020524536
-7586930.637588595,-545731.6241089454
-7482511.033457026,57407.405486907905
-7468038.091419391,-10630.678494184769
-7411753.7846978335,-218968.07467169428
-7649780.613762784,-681798.61149619
-7533938.220830754,-297548.4450842529
-7784802.549483085,-201923.5121262818
-7593470.255745556,-552262.3782443953
-7493767.122911095,-91424.3528997911
-7564871.722279191,-182271.08259187362
-7595587.598922523,-645198.6845710501
-7504326.581421753,-396958.2505436335
-7484118.494886007,-91424.3528997911
-7521105.545557386,-57407.40548690933
-7569348.685682833,-380425.8656851803
-7594136.011079288,-319867.1212408037
-7496983.975494661,-180625.8807359496
-7585365.408204481,-14798.491642131976
-7496983.975494661,-25514.6072987882
-7615951.5590440165,-537376.7171079551
-7678699.481679583,-308212.30409856304
-7588699.588104832,-549300.9445246997
-7485695.080705305,-84961.94815837243
-7633672.229274896,-112684.96853957504
-7502744.206425638,-265894.9284653027
-7477686.719444481,-82920.90654478248
-7679584.2608694825,-455111.6822059135
-7400497.695243766,-231720.35458993973
-7554499.447152221,-179682.117504457
-7614374.973224715,-520494.7594649498
-7545632.357997162,-489664.5943315967
-7726939.727216622,-85051.2435828671
-7485727.239582514,-89299.13998458903
-7545227.115620109,-129607.85048910412
-7537102.9708229825,-169619.38259674248
-7482192.628732198,17324.436809881026
-7714078.106059177,-509889.8107631407
-7590035.344168625,-545481.4069748713
-7685132.221983909,-308128.17859062314
-7539843.18118211,-183227.59117015183
-7516281.231544841,-55280.820264455244
-7432659.467039796,-51028.912034727284
-7521105.545557386,-53155.12347782221
-7569908.3061082885,-203912.90892036696
-7586233.78472674,13820.389063014076
-7638432.862342475,-556460.4953667261
-7589422.656289032,-541136.5090180102
-7508240.064948731,-46775.711291917505
-7612900.6628624825,-635842.0447068012
-7588887.15743364,-569830.9302412941
-7552355.522005046,-397023.2194570604
-7432659.467039796,-59532.710288250666
-7676448.456761329,-309912.65051421936
-7479294.180873462,-108433.42428781162
-7471254.297544879,-97803.3517189719
-7612767.511795737,-640608.2591606036
-7592156.11260854,-548875.7670865726
-7508176.384003765,-91340.1609334622
-7484118.494886007,-93550.83392335703
-7559777.2466819445,-584913.834402611
-7614374.973224715,-531098.636485168
-7712688.703623564,-631282.7535647558
-7633994.493450935,-507344.3642162243
-7618850.9717655545,-601094.1770523004
-7628784.234317386,-499198.53238826897
-7509102.652294172,-373847.79547424876
-7480899.712576836,-189208.88821664243
-7485726.921177789,-301839.0476293421
-7485695.080705305,-301754.9191375053
-7476078.293152699,-191338.659496624
-7588645.941733012,146699.69537604862
-7699605.164021543,31893.223666864098
-7561334.921190315,171003.95228659915
-7612767.511795737,102055.40358335816
-7495375.867607603,-488675.93280873244
-7525929.85956993,-191338.659496624
-7529145.747290692,-195589.22740172708
-7585429.089149446,-545943.2401146272
-7559700.057657742,-558665.0710608022
-7588259.996612008,-478831.3219919123
-7628847.915262351,-112684.96853957504
-7508176.384003765,-42481.67235427891
-7486986.067135063,-85365.05311944557
-7437403.697439732,260868.91297268515
-7572564.573403595,-193463.3137647183
-7588645.941733012,-548064.0827897303
-7527473.640053944,-195547.14288440885
-7497601.487688267,-542198.8952594203
-7527537.32099891,-195589.22740172708
-7530754.173582474,-191338.659496624
-7569080.453823736,-462789.5779596502
-7554074.907519117,338487.1695623329
-7630424.501081649,148740.46227128824
-7514887.5837128945,330588.4965202759
-7584866.863594426,300706.8788137985
-7591299.314439911,194987.4182042221
-7630424.501081649,135985.49011255306
-7514673.094711899,327685.50081355154
-7518961.427437649,332641.7700753124
-7600050.234113547,54.72894082030629
-7619135.606292294,148740.46227128824
-7476451.69505727,181212.54288933912
-7557876.466961002,298517.2173696518
-7623959.92030484,150908.76472492202
-7580685.823612313,178656.2180563173
-7549006.155164183,-390335.2234724548
-7550832.968502685,-455111.6822059135
-7393127.204781678,150455.20793372946
-7707645.365754851,-454716.95118229726
-7719568.175405454,92169.32372255593
-7613008.727496363,-638596.3136337909
-7598101.597197601,-544883.4380356208
-7543618.689328325,-565025.3676779623
-7410146.323268853,-227469.52457675344
-7402695.459735319,35826.649754943144
-7461605.351115065,-91424.3528997911
-7542010.2630365435,-579864.8466722048
-7416578.098710379,-38271.816397216986
-7495054.249889644,-495889.114467974
-7583821.627720467,131818.77242536301
-7583821.627720467,144573.88043820087
-7582213.201428685,106307.00088194264
-7593470.255745556,142447.21176636708
-7590253.40316199,138195.95672603676
-7585429.735607525,142448.0663494217
-7658116.063513659,-210467.61143366876
-7634959.356253442,-35720.38244416083
-7421403.059180999,-42524.191831770826
-7587037.5154412305,138195.95672603676
-7583551.4661357645,125334.77790966367
-7627240.453833371,8504.033552966106
-7560828.947136678,173129.26022069776
-7638432.862342475,16967.232558182124
-7693172.742121941,46776.56601591945
-7532362.281469532,165831.42690278706
-7611159.403908678,91425.20757575054
-7536114.565368094,208838.13268710035
-7554875.743645199,-40397.157428126164
-7609550.659212171,91424.35289978878
-7614374.973224715,102055.40358335816
-7643320.857299985,-301839.0476293421
-7598294.569758101,163705.68873314594
-7582213.490887525,108433.42428781043
-7611159.0855039535,85046.14098752067
-7678699.481679583,-371931.52475855564
-7474469.866860916,-99928.95443413898
-7498591.436923641,-110558.5631696796
-7518478.976739139,-386300.9635422961
-7493767.122911095,-89299.13998458903
-7395485.81190241,154706.83406845143
-7604726.345199628,155201.9652590998
-7627240.453833371,112684.96853957405
-7487335.34746957,-91424.3528997911
-7393529.456084045,160163.44214214527
-7485726.921177789,-93550.83392335703
-7493767.122911095,-85046.14098752025
-7488942.80889855,-89299.13998458903
-7577388.887416141,-441990.6443888365
-7487335.34746957,-184962.0522537553
-7582181.360956202,-435539.12447336933
-7517889.339431897,-323083.18472214084
-7392934.232221176,140719.03689205888
-7479294.827331539,25514.607298788593
-7484119.1413440835,-106307.42183046007
-7545227.115620109,-346446.88018781104
-7457852.9996761065,8787.24606090411
-7413153.511165434,152081.42833536255
-7525929.85956993,-259345.6068754829
-7667224.368369342,-284023.34948148555
-7586716.216127994,-526433.7257311165
-7667443.073820788,42524.191831773496
-7469645.55284837,-178585.30792285007
-7715718.372823444,-4209.918298268243
-7587037.5154412305,-526857.470177408
-7582856.7649179585,131286.454745253
-7587037.5154412305,116936.47567995291
-7567418.960077815,-457625.75728175236
-7567901.391479069,-456634.5677988349
-7622097.735095999,-675301.934737113
-7606629.913374069,-511798.8560027622
-7621022.443745742,-585658.5052218505
-7602288.0307627795,-517808.5868660132
-7606334.771491409,-626485.5142654632
-7638066.214477522,-520312.7802408459
-7697996.737729762,-467457.18964315363
-7424619.265306489,-174333.22095646936
-7553267.317353417,-174333.22095646936
-7479294.180873462,-299715.4286493651
-7585429.089149446,-524736.1855921365
-7507784.649705946,-380248.7726102221
-7516281.231544841,-323040.70498455997
-7519497.437670328,-191338.659496624
-7421531.704338459,4720.211360026317
-7503665.071484353,-393809.8968432352
-7572564.573403595,-386795.97448363487
-7416578.098710379,-180710.05407114667
-7578997.313707923,-446236.28973013593
-7394252.910213366,140747.35305279001
-7517888.6929738205,-170082.3519371857
-7472862.405431936,-17009.33163276955
-7493767.7983150575,-139259.34878607802
-7501593.868046604,-515970.3444767767
-7486503.635733808,-145707.36844052823
-7482511.033457026,-187086.7532493714
-7554875.743645199,-618011.5259068434
-7407734.166262582,90361.74737161883
-7429443.579319034,-68037.7057959348
-7541260.458504085,-382301.9559332387
-7431051.040748012,-55280.820264455244
-7477686.719444481,-340075.06526050856
-7587037.5154412305,-543822.3524539354
-7549032.9590528365,-578204.3952966218
-7403713.582964526,148824.64366435018
-7500199.863215423,-127566.98529541293
-7501808.289507205,-291174.8169438751
-7542922.058384914,-576860.7610061849
-7431051.040748012,-53154.23048778685
-7490551.235190333,-91424.3528997911
-7477686.719444481,-303963.9164300344
-7437483.781052342,-42523.77084685381
-7480902.6071652435,-91424.3528997911
-7696549.443525998,41461.10242090153
-7487817.778870825,-92488.23218075064
-7474469.866860916,-17009.33163276955
-7437483.781052342,-68037.7057959348
-7464821.238835826,-189212.71416714948
-7403392.283651292,149250.65223729622
-7501808.289507205,-512010.97427739046
-7472862.405431936,-187086.7532493714
-7569615.952679127,111090.48427026569
-7506632.603519749,-55280.820264455244
-7635280.655566677,-567145.7976998199
-7614374.973224715,-637078.7440377754
-7578997.313707923,-467373.15899528336
-7404812.754669146,136460.237633904
-7563853.792022545,-462010.35144937143
-7535578.487595019,-352823.5354671056
-7543963.145348822,-186594.47695154382
-7638496.543287439,-567145.7976998199
-7611186.101662424,-632841.099937361
-7618395.8749274975,-477006.5712320308
-7563505.476550838,-463496.225008318
-7513065.025419352,-72290.38749355434
-7539866.337889369,-174155.9431280502
-7638497.218691403,-573505.5347606217
-7511456.917532295,-104180.56871810749
-7509848.491240513,-82920.90654478248
-7649699.565287372,-677070.3431134841
-7557984.753513327,-377241.1256937839
-7511456.917532295,-76542.61164774996
-7394064.954939436,153077.05424893196
-7638496.543287439,-569264.9090267177
-7577388.887416141,-384672.2118361033
-7694780.850008998,-454724.5911498915
-7572243.27409036,-408027.9979144475
-7608988.144198311,-649963.2416740417
-7490551.235190333,44650.38076234033
-7498591.436923641,-89299.13998458903
-7635280.945025519,-579864.8466722048
-7498752.897065014,-499283.392187918
-7542010.2630365435,-567145.7976998199
-7406053.375260612,111391.52329661872
-7538794.6937205065,-560785.6402064272
-7469646.19930645,-199840.58532091783
-7457933.855178957,59746.13348583361
-7472862.405431936,-184962.0522537553
-7545227.115620109,-579864.8466722048
-7505024.177227969,-136069.6742920056
-7412102.872059781,94695.83936065678
-7550051.429632654,-565025.7874437661
-7548443.321745596,-581984.5262559063
-7511456.917532295,-99928.95443413898
-7550051.429632654,-374055.47490592115
-7545628.498545953,-581630.1156318005
-7565997.71716972,-447579.7372192538
-7551658.891061633,-562904.8910974861
-7521105.545557386,-176459.69258088584
-7587037.5154412305,-524736.1855921365
-7492159.661482116,-178585.30792285007
-7393797.687943142,148772.3491648624
-7468896.819313625,38769.34549873927
-7464076.750697411,106697.20725399119
-7539061.642312076,33735.8741713551
-7477686.719444481,-2125.370959429835
-7542010.2630365435,116936.47567995291
-7457153.860089408,123222.97168948983
-7546838.436500299,106307.38356241418
-7563260.4013990015,-186632.73679700604
-7400111.75012276,217676.06337915506
-7530754.173582474,-48902.313677693455
-7606331.876903001,-541702.692300914
-7524555.7984528765,149033.94913558537
-7543857.010440547,-48337.1761769709
-7480902.6071652435,80794.38962188791
-7585429.089149446,-8504.033552969011
-7477686.719444481,-17009.33163276955
-7464486.817388475,107494.4570110665
-7517888.6929738205,-85046.14098752025
-7538043.71205543,-173978.6651998745
-7572618.499585628,-486377.5254756988
-7525929.85956993,-53154.23048778685
-7435805.209234815,143811.86368333732
-7442185.364516405,147181.44492092583
-7617997.068185334,-379644.87084682373
-7586823.315899072,-5810.962701384044
-7640104.969579223,-516253.16188927233
-7556882.658274418,25693.208836468468
-7565006.803071544,43833.92627124248
-7618663.788381869,-68143.58715413818
-7414637.566641973,145782.11192308998
-7582213.201428685,-388919.7052624854
-7523035.271162401,144148.721118283
-7561790.596946055,-372711.00656428596
-7538794.375315781,108433.42428781043
-7531477.820684356,88418.94759976416
-7582213.201428685,-386795.97448363487
-7550051.429632654,-123314.30152180252
-7522388.813084722,29584.167023407383
-7549356.728414848,-140717.63383899577
-7653716.2891342165,-352645.1353817836
-7577388.887416141,-416518.8571326311
-7568169.401419723,-457448.9089201974
-7500196.968627016,-82920.90654478248
-7589530.402518189,-541738.0373001827
-7497302.380219488,76121.64213712442
-7633672.229274896,-505646.517897657
-7628847.915262351,-505646.517897657
-7477686.719444481,78667.86604287813
-7519497.119265602,-53154.23048778685
-7629785.761906389,-172774.70311381549
-7563289.347283077,-203772.63142174218
-7399854.421213331,216871.93219822814
-7519497.119265602,-87172.64407684628
-7530164.545923861,-51737.69218139873
-7539062.607174881,110275.38191944538
-7513064.378961275,-36145.19649943146
-7601430.373866256,40610.63537943261
-7601805.599361524,38661.62408443056
-7406125.739970799,86110.03124229664
-7627240.453833371,21261.335104165682
-7461605.351115065,-21261.335104166632
-7538794.6937205065,-571385.6651731295
-7548068.105898956,-580147.4699886423
-7432659.467039796,-180710.05407114667
-7550613.944646516,-412839.04202369764
-7397002.769200515,150802.5182044344
-7479294.180873462,-95677.30723987347
-7635280.973971403,65912.0006730732
-7599941.687048265,-182082.45874092655
-7567418.960077815,-495252.67652906314
-7517921.498309105,-148868.00982903223
-7638496.543287439,63785.85639142405
-7531316.688596337,-298192.1693429227
-7509848.491240513,-159454.29966675915
-7582374.333516704,125334.77790966367
-7544422.420042817,-416200.42790257593
-7549836.265227694,-283213.8528322416
-7495375.549202878,-297590.5103025874
-7555304.1427295115,-314762.49899084185
-7527027.873439184,-300210.0071879588
-7480848.574848304,-106625.90117538685
-7657797.65878883,-204091.44381282857
-7399774.048141883,151695.34514057072
-7461605.351115065,-76542.61164774996
-7469645.55284837,-4252.017476655496
-7567737.364802642,110559.45608327477
-7465143.503011865,-82920.90654478248
-7633994.493450935,-31893.22366686426
-7689956.535996454,45110.91188518681
-7445336.79940196,-130118.06525661545
-7461284.051801829,-85472.20756029939
-7404517.989082978,136724.39701432013
-7574172.999695377,-450056.4808068246
-7550051.429632654,-127566.98529541293
-7434267.893331578,-35720.38244416083
-7498237.7182202395,-130974.07669515332
-7395342.143831117,146377.25318408458
-7439092.207344121,-59532.710288250666
-7418186.525002161,-10630.678494184769
-7377340.987983549,132669.12978769344
-7620939.899732987,138689.57916047046
-7625577.995224649,-505638.88134712784
-7427835.1530272495,-55280.820264455244
-7677027.3744428335,125398.55542242485
-7589417.83197502,-557478.1937207645
-7584277.235935812,181383.95005190413
-7611159.403908678,93551.25488164998
-7575716.7801793935,146699.69537604862
-7615951.5590440165,74373.97822277658
-7537185.949023999,159454.29966676072
-7617591.825808281,-450438.4933259228
-7579532.812563314,-403888.09444402484
-7529440.030445456,-299821.2277791916
-7518264.5649271645,-342376.87450120057
-7579479.745109177,-403824.4026301399
-7509848.809645238,-376179.3942345126
-7629813.424522939,-83168.94446588152
-7784834.389955568,-176459.27170844548
-7780010.075943023,-159454.29966675915
-7648145.17131253,-180710.05407114667
-7598294.569758101,-244475.33903355783
-7685132.221983909,-306088.76018767525
-7505024.177227969,-199839.7308908382
-7492963.681655446,-139259.34878607802
-7480902.6071652435,-187086.7532493714
-7426226.726735469,14882.689843730632
-7542014.1224877555,112685.3512151792
-7543683.335136094,118255.41732827996
-7632654.299018248,-124802.87309189077
-7587037.5154412305,-2125.370959429835
-7536639.836677779,111112.16929101017
-7413523.3430776335,138905.01263469286
-7607943.197783191,-36145.19649943146
-7517888.6929738205,-87172.64407684628
-7537185.949023999,106307.00088194264
-7516281.231544841,-87173.06503956523
-7633431.660032346,-110665.71278982704
-7632643.68552742,-124760.77987736335
-7582213.201428685,123314.3015218021
-7403084.10647217,154409.14280335713
-7614374.973224715,133944.65617239423
-7694780.850008998,53154.23048778518
-7706040.798914277,78668.75900556134
-7635248.815094193,-588258.4794149505
-7668220.299754092,105811.3018749811
-7617591.825808281,85046.14098752067
-7545227.115620109,-125440.64857575698
-7601510.457478864,95677.30723987173
-7591861.829453775,-541702.692300914
-7505024.177227969,-206215.99990147876
-7410146.323268853,-42523.77084685381
-7591829.988981293,-550099.6421653948
-7540161.585906937,-592793.2691297474
-7434267.893331578,-74416.07528580232
-7493767.122911095,-123314.30152180252
-7609486.978267207,102055.40358335816
-7730919.786276972,-14801.298248885461
-7525929.85956993,-180710.05407114667
-7630456.631012974,91425.24584482746
-7680307.907971363,-114811.3646260575
-7479935.621664568,-133692.10226231403
-7547933.555781146,-388742.622754417
-7558091.631365962,125440.64857575533
-7509848.491240513,-112684.96853957504
-7517888.6929738205,-184962.0522537553
-7611159.0855039535,-4252.017476655496
-7541582.076222046,-590321.4548378336
-7581999.098372809,-440187.4107323838
-7693497.582481661,-389518.4718043533
-7723408.329359439,6238.33307695282
-7675377.459050544,-165372.27779149413
-7675483.593958819,-422888.1704175371
-7712090.48868601,61374.80725181207
-7730779.881170607,-24162.338039793638
-7692667.800471505,-409378.21578205115
-7628847.915262351,108433.42428781043
-7656186.33790864,-75266.94570948154
-7583821.627720467,182836.44329724417
-7657730.118392655,-325717.1752595873
-7715685.567488159,-255096.15232389088
-7651362.023896094,10588.579352095927
-7667378.746417744,-33934.3761386773
-7588699.54951032,178585.30792285159
-7552061.23885028,-412237.8302373675
-7623959.92030484,-511926.1244727713
-7574172.999695377,-403781.9838654882
-7574172.999695377,-403697.018912579
-7485727.210636629,-14883.582854949063
-7492159.661482116,-91424.3528997911
-7513000.698016309,-102055.40358335742
-7387632.857876982,80794.81484090137
-7564813.830511041,-456168.53630132496
-7501808.289507205,-36103.09781455312
-7632734.807170491,-312249.42748768517
-7632064.767845916,-110474.37416619668
-7598294.569758101,138196.33937932499
-7619897.847906277,-262643.8795800164
-7567740.25939105,-416518.8571326311
-7574172.999695377,-446236.28973013593
-7636889.081858462,-586223.7287181499
-7542010.938440506,-289092.7605817977
-7418481.665812752,33062.63424323741
-7514640.964780573,-170040.2638427616
-7393797.687943142,167513.69277275214
-7575781.136528319,-437746.50893360906
-7569348.685682833,-378302.0085004512
-7501861.356961343,-179860.66752920972
-7569348.685682833,106307.00088194264
-7609550.659212171,102055.40358335816
-7630424.501081649,-10588.579352092955
-7614311.29227975,91340.16093346267
-7576874.615542403,113790.899767387
-7538794.664774622,116937.36858174483
-7481835.6294952715,-85854.90184581839
-7548440.108752463,-444113.48535564984
-7582829.961029304,126291.4396230566
-7606334.771491409,87172.64407684616
-7588356.48289226,-546282.9342031121
-7634959.356253442,-506071.6183588192
-7466429.66512761,-51028.912034727284
-7619425.065133047,-669356.1398612878
-7495054.249889644,-137771.21134936868
-7461605.351115065,-116936.47567995304
-7463213.777406846,-61659.28587968667
-7551096.376047771,-399004.1196442432
-7593470.255745556,172208.43123035334
-7636862.065699992,-177734.64011965253
-7482511.033457026,51028.91203473015
-7410945.036696771,94717.01479649669
-7533781.913056747,-188575.05505258188
-7475381.768344196,-323685.03721387393
-7579774.028263942,121330.80725573224
-7533970.061303237,-387574.38221532595
-7550828.144188674,-403993.8227889789
-7572270.077979013,-496808.4043936944
-7568919.852410258,-455503.58516318846
-7532575.8345536105,-301095.91127064987
-7483770.1794143,-105563.32463338121
-7536420.040931367,206656.7220223665
-7508243.92439994,-68033.87875863547
-7603145.687659301,-587778.0533624374
-7534291.997425922,-300069.5113279219
-7693413.639417844,-466360.9669061984
-7707645.365754851,36145.19649943494
-7714078.106059177,4252.017476652449
-7525929.85956993,136069.67429200604
-7544690.651901914,-577037.549389457
-7575716.7801793935,-61617.188151235445
-7580631.791295373,155201.9652590998
-7635574.9387214435,-572091.1658344028
-7539479.427905562,213822.94353783436
-7604164.148590489,-644775.059034615
-7549353.8338264385,-427062.24632185
-7535310.255735922,114952.95395354512
-7638496.543287439,21261.335104165682
-7513064.378961275,-123314.30152180252
-7583821.627720467,123314.3015218021
-7681915.369400343,-312461.8648534808
-7632680.350313916,-97271.83815838129
-7504863.045139949,-81432.21784003613
-7449105.26404972,151082.2283651179
-7596230.728223537,166361.99841552347
-7490519.39471785,74373.97822277658
-7508240.064948731,-51028.912034727284
-7524289.592805665,8419.83523738489
-7531075.472895709,-396173.5255650301
-7529789.3107799655,-301166.0186040354
-7587788.178701582,-538733.0574579281
-7579158.127391217,118425.50185262984
-7456995.815562357,59746.13348583361
-7572457.695550961,-484255.8662015275
-7412108.178805196,95815.45757506996
-7531262.656279395,-177380.08822852743
-7642946.490532611,67152.38401815969
-7508267.081107201,-47909.81467460985
-7646804.976879845,-125334.77790966636
-7580604.775136901,153077.05424893196
-7416514.4177654125,-180625.8807359496
-7448740.835369213,-61659.28587968667
-7493767.769369173,-127566.98529541293
-7542014.1224877555,-327335.78187819244
-7539839.99713486,218862.61762337585
-7437760.156353491,-305401.86608550197
-7694780.850008998,-391042.1300428331
-7434267.893331578,-36145.19649943146
-7568357.0189916715,-454371.73874016874
-7585483.121466388,132916.58221500748
-7498527.755978674,-89299.13998458903
-7644741.135345278,-310514.26842288463
-7517621.319842618,-385203.9071405601
-7739539.764419679,-24097.13567774948
-7605155.815281651,-586788.9360633809
-7635280.973971403,61659.70685695772
-7549327.7825307725,-404240.9465504757
-7567740.25939105,42523.770846853
-7530780.977471127,-179789.80868902887
-7584946.657748193,130720.11788824451
-7576343.941001022,-484857.0030217439
-7545227.115620109,-384588.12699869205
-7588645.941733012,-550184.8803044144
-7588591.909416072,-547427.961945659
-7545227.115620109,-176459.27170844548
-7545227.115620109,223219.47397024592
-7577121.195880213,-462188.32621814107
-7694780.850008998,46775.71129192003
-7622416.139820826,-516253.16188927233
-7566132.479557345,119063.27361737777
-7526679.557967478,-301661.8678814376
-7530754.173582474,-193379.14408939402
